sequence_id	sequence	rev_comp	productive	v_call	d_call	j_call	sequence_alignment	germline_alignment	junction	junction_aa	v_cigar	d_cigar	j_cigar	cdr3_aa	locus	duplicate_count	vj_in_frame	stop_codon	my_signal	v_genes	j_genes	v_subgroups	j_subgroups	region_types	frame_types
0			T	TRBV1-1*01		TRBJ1-1*01								DCLMAGAWFK	TRB	1	T	F		TRBV1-1	TRBJ1-1	TRBV1	TRBJ1	IMGT_CDR3	IN
1			T	TRBV1-1*01		TRBJ1-1*01								NRRAYCLNIT	TRB	1	T	F		TRBV1-1	TRBJ1-1	TRBV1	TRBJ1	IMGT_CDR3	IN
2			T	TRBV1-1*01		TRBJ1-1*01								FMRTHHDNWFSH	TRB	1	T	F		TRBV1-1	TRBJ1-1	TRBV1	TRBJ1	IMGT_CDR3	IN
3			T	TRBV1-1*01		TRBJ1-1*01								LFHYQHWVRD	TRB	1	T	F		TRBV1-1	TRBJ1-1	TRBV1	TRBJ1	IMGT_CDR3	IN
4			T	TRBV1-1*01		TRBJ1-1*01								CIFTCPYCCK	TRB	1	T	F		TRBV1-1	TRBJ1-1	TRBV1	TRBJ1	IMGT_CDR3	IN
5			T	TRBV1-1*01		TRBJ1-1*01								GWNSHSQAVL	TRB	1	T	F		TRBV1-1	TRBJ1-1	TRBV1	TRBJ1	IMGT_CDR3	IN
6			T	TRBV1-1*01		TRBJ1-1*01								TIVVPTDMTC	TRB	1	T	F		TRBV1-1	TRBJ1-1	TRBV1	TRBJ1	IMGT_CDR3	IN
7			T	TRBV1-1*01		TRBJ1-1*01								MPNMVQKHTMKQ	TRB	1	T	F		TRBV1-1	TRBJ1-1	TRBV1	TRBJ1	IMGT_CDR3	IN
8			T	TRBV1-1*01		TRBJ1-1*01								LQKKYWTDRW	TRB	1	T	F		TRBV1-1	TRBJ1-1	TRBV1	TRBJ1	IMGT_CDR3	IN
9			T	TRBV1-1*01		TRBJ1-1*01								ADSTLPGTMS	TRB	1	T	F		TRBV1-1	TRBJ1-1	TRBV1	TRBJ1	IMGT_CDR3	IN
10			T	TRBV1-1*01		TRBJ1-1*01								HMCSGDCLGKRQ	TRB	1	T	F		TRBV1-1	TRBJ1-1	TRBV1	TRBJ1	IMGT_CDR3	IN
11			T	TRBV1-1*01		TRBJ1-1*01								QHQRPCGGKVMH	TRB	1	T	F		TRBV1-1	TRBJ1-1	TRBV1	TRBJ1	IMGT_CDR3	IN
12			T	TRBV1-1*01		TRBJ1-1*01								YHCMIPGAWSVD	TRB	1	T	F		TRBV1-1	TRBJ1-1	TRBV1	TRBJ1	IMGT_CDR3	IN
13			T	TRBV1-1*01		TRBJ1-1*01								FVDVRSHELDHK	TRB	1	T	F		TRBV1-1	TRBJ1-1	TRBV1	TRBJ1	IMGT_CDR3	IN
14			T	TRBV1-1*01		TRBJ1-1*01								VNPHVFVPAY	TRB	1	T	F		TRBV1-1	TRBJ1-1	TRBV1	TRBJ1	IMGT_CDR3	IN
15			T	TRBV1-1*01		TRBJ1-1*01								TYENIPMSFGYR	TRB	1	T	F		TRBV1-1	TRBJ1-1	TRBV1	TRBJ1	IMGT_CDR3	IN
16			T	TRBV1-1*01		TRBJ1-1*01								DASQKQRRGG	TRB	1	T	F		TRBV1-1	TRBJ1-1	TRBV1	TRBJ1	IMGT_CDR3	IN
17			T	TRBV1-1*01		TRBJ1-1*01								FYCQWTNAGT	TRB	1	T	F		TRBV1-1	TRBJ1-1	TRBV1	TRBJ1	IMGT_CDR3	IN
18			T	TRBV1-1*01		TRBJ1-1*01								IHVWAAAVNPRI	TRB	1	T	F	ImplantAnnotation(signal_id='my_signal', motif_id='my_motif', motif_instance=<immuneML.simulation.implants.MotifInstance.MotifInstance object at 0x00000281D02BB9A0>, position=5)	TRBV1-1	TRBJ1-1	TRBV1	TRBJ1	IMGT_CDR3	IN
19			T	TRBV1-1*01		TRBJ1-1*01								YVQFGTEAYWAA	TRB	1	T	F	ImplantAnnotation(signal_id='my_signal', motif_id='my_motif', motif_instance=<immuneML.simulation.implants.MotifInstance.MotifInstance object at 0x00000281D02FDA30>, position=10)	TRBV1-1	TRBJ1-1	TRBV1	TRBJ1	IMGT_CDR3	IN
