sequence_id	sequence	rev_comp	productive	v_call	d_call	j_call	sequence_alignment	germline_alignment	junction	junction_aa	v_cigar	d_cigar	j_cigar	cdr3_aa	locus	duplicate_count	vj_in_frame	stop_codon	v_genes	j_genes	v_subgroups	j_subgroups	region_types	frame_types
0			T	TRBV1-1*01		TRBJ1-1*01								VVPQFHQLWIGV	TRB	1	T	F	TRBV1-1	TRBJ1-1	TRBV1	TRBJ1	IMGT_CDR3	IN
1			T	TRBV1-1*01		TRBJ1-1*01								PAFRPANFKKYK	TRB	1	T	F	TRBV1-1	TRBJ1-1	TRBV1	TRBJ1	IMGT_CDR3	IN
2			T	TRBV1-1*01		TRBJ1-1*01								WSQHGFILSL	TRB	1	T	F	TRBV1-1	TRBJ1-1	TRBV1	TRBJ1	IMGT_CDR3	IN
3			T	TRBV1-1*01		TRBJ1-1*01								MIICHIYEDNAC	TRB	1	T	F	TRBV1-1	TRBJ1-1	TRBV1	TRBJ1	IMGT_CDR3	IN
4			T	TRBV1-1*01		TRBJ1-1*01								NLQRVEGSNRKL	TRB	1	T	F	TRBV1-1	TRBJ1-1	TRBV1	TRBJ1	IMGT_CDR3	IN
5			T	TRBV1-1*01		TRBJ1-1*01								KDPGHSFGNM	TRB	1	T	F	TRBV1-1	TRBJ1-1	TRBV1	TRBJ1	IMGT_CDR3	IN
6			T	TRBV1-1*01		TRBJ1-1*01								AAHWSDWTVN	TRB	1	T	F	TRBV1-1	TRBJ1-1	TRBV1	TRBJ1	IMGT_CDR3	IN
7			T	TRBV1-1*01		TRBJ1-1*01								ECVKFPNSCLIV	TRB	1	T	F	TRBV1-1	TRBJ1-1	TRBV1	TRBJ1	IMGT_CDR3	IN
8			T	TRBV1-1*01		TRBJ1-1*01								HEVGHAGASK	TRB	1	T	F	TRBV1-1	TRBJ1-1	TRBV1	TRBJ1	IMGT_CDR3	IN
9			T	TRBV1-1*01		TRBJ1-1*01								YTDSPSMWHT	TRB	1	T	F	TRBV1-1	TRBJ1-1	TRBV1	TRBJ1	IMGT_CDR3	IN
