sequence_id	sequence	rev_comp	productive	v_call	d_call	j_call	sequence_alignment	germline_alignment	junction	junction_aa	v_cigar	d_cigar	j_cigar	cdr3_aa	locus	duplicate_count	vj_in_frame	stop_codon	v_genes	j_genes	v_subgroups	j_subgroups	region_types	frame_types
0			T	TRBV1-1*01		TRBJ1-1*01								VIRYCDSQQY	TRB	1	T	F	TRBV1-1	TRBJ1-1	TRBV1	TRBJ1	IMGT_CDR3	IN
1			T	TRBV1-1*01		TRBJ1-1*01								EMYLKVQMHD	TRB	1	T	F	TRBV1-1	TRBJ1-1	TRBV1	TRBJ1	IMGT_CDR3	IN
2			T	TRBV1-1*01		TRBJ1-1*01								EQIHWVGLFI	TRB	1	T	F	TRBV1-1	TRBJ1-1	TRBV1	TRBJ1	IMGT_CDR3	IN
3			T	TRBV1-1*01		TRBJ1-1*01								PNLKGARKWE	TRB	1	T	F	TRBV1-1	TRBJ1-1	TRBV1	TRBJ1	IMGT_CDR3	IN
4			T	TRBV1-1*01		TRBJ1-1*01								MLRICPFKGFWF	TRB	1	T	F	TRBV1-1	TRBJ1-1	TRBV1	TRBJ1	IMGT_CDR3	IN
5			T	TRBV1-1*01		TRBJ1-1*01								LTEVGVFIVE	TRB	1	T	F	TRBV1-1	TRBJ1-1	TRBV1	TRBJ1	IMGT_CDR3	IN
6			T	TRBV1-1*01		TRBJ1-1*01								CITEEDWEIY	TRB	1	T	F	TRBV1-1	TRBJ1-1	TRBV1	TRBJ1	IMGT_CDR3	IN
7			T	TRBV1-1*01		TRBJ1-1*01								FWFHICHWHDAA	TRB	1	T	F	TRBV1-1	TRBJ1-1	TRBV1	TRBJ1	IMGT_CDR3	IN
8			T	TRBV1-1*01		TRBJ1-1*01								TKPWGGLGMFYW	TRB	1	T	F	TRBV1-1	TRBJ1-1	TRBV1	TRBJ1	IMGT_CDR3	IN
9			T	TRBV1-1*01		TRBJ1-1*01								CWFPCEQSSA	TRB	1	T	F	TRBV1-1	TRBJ1-1	TRBV1	TRBJ1	IMGT_CDR3	IN
10			T	TRBV1-1*01		TRBJ1-1*01								CNPLSFSSRFKA	TRB	1	T	F	TRBV1-1	TRBJ1-1	TRBV1	TRBJ1	IMGT_CDR3	IN
11			T	TRBV1-1*01		TRBJ1-1*01								PHNIGEEYTI	TRB	1	T	F	TRBV1-1	TRBJ1-1	TRBV1	TRBJ1	IMGT_CDR3	IN
12			T	TRBV1-1*01		TRBJ1-1*01								TAYYEEMKPE	TRB	1	T	F	TRBV1-1	TRBJ1-1	TRBV1	TRBJ1	IMGT_CDR3	IN
13			T	TRBV1-1*01		TRBJ1-1*01								VWFAYAASVP	TRB	1	T	F	TRBV1-1	TRBJ1-1	TRBV1	TRBJ1	IMGT_CDR3	IN
14			T	TRBV1-1*01		TRBJ1-1*01								NEESMKLSPE	TRB	1	T	F	TRBV1-1	TRBJ1-1	TRBV1	TRBJ1	IMGT_CDR3	IN
15			T	TRBV1-1*01		TRBJ1-1*01								CRVVFITLKW	TRB	1	T	F	TRBV1-1	TRBJ1-1	TRBV1	TRBJ1	IMGT_CDR3	IN
16			T	TRBV1-1*01		TRBJ1-1*01								IVHMHRECHN	TRB	1	T	F	TRBV1-1	TRBJ1-1	TRBV1	TRBJ1	IMGT_CDR3	IN
17			T	TRBV1-1*01		TRBJ1-1*01								ETFDHPRLFM	TRB	1	T	F	TRBV1-1	TRBJ1-1	TRBV1	TRBJ1	IMGT_CDR3	IN
18			T	TRBV1-1*01		TRBJ1-1*01								WFSIHWDQWT	TRB	1	T	F	TRBV1-1	TRBJ1-1	TRBV1	TRBJ1	IMGT_CDR3	IN
19			T	TRBV1-1*01		TRBJ1-1*01								RSAPNARVNIDS	TRB	1	T	F	TRBV1-1	TRBJ1-1	TRBV1	TRBJ1	IMGT_CDR3	IN
