sequence_id	sequence	rev_comp	productive	v_call	d_call	j_call	sequence_alignment	germline_alignment	junction	junction_aa	v_cigar	d_cigar	j_cigar	cdr3_aa	locus	duplicate_count	vj_in_frame	stop_codon	my_signal	v_genes	j_genes	v_subgroups	j_subgroups	region_types	frame_types
0			T	TRBV1-1*01		TRBJ1-1*01								RDAEKRMVFD	TRB	1	T	F		TRBV1-1	TRBJ1-1	TRBV1	TRBJ1	IMGT_CDR3	IN
1			T	TRBV1-1*01		TRBJ1-1*01								WLSSPHTMQIWE	TRB	1	T	F		TRBV1-1	TRBJ1-1	TRBV1	TRBJ1	IMGT_CDR3	IN
2			T	TRBV1-1*01		TRBJ1-1*01								TAMWLCAKSQ	TRB	1	T	F		TRBV1-1	TRBJ1-1	TRBV1	TRBJ1	IMGT_CDR3	IN
3			T	TRBV1-1*01		TRBJ1-1*01								SEDFSFNEEIGP	TRB	1	T	F		TRBV1-1	TRBJ1-1	TRBV1	TRBJ1	IMGT_CDR3	IN
4			T	TRBV1-1*01		TRBJ1-1*01								QVFLFPCKYFHG	TRB	1	T	F		TRBV1-1	TRBJ1-1	TRBV1	TRBJ1	IMGT_CDR3	IN
5			T	TRBV1-1*01		TRBJ1-1*01								MQSDECGQTH	TRB	1	T	F		TRBV1-1	TRBJ1-1	TRBV1	TRBJ1	IMGT_CDR3	IN
6			T	TRBV1-1*01		TRBJ1-1*01								RVFVKREIMLAW	TRB	1	T	F		TRBV1-1	TRBJ1-1	TRBV1	TRBJ1	IMGT_CDR3	IN
7			T	TRBV1-1*01		TRBJ1-1*01								VQEWGKGEQYHS	TRB	1	T	F		TRBV1-1	TRBJ1-1	TRBV1	TRBJ1	IMGT_CDR3	IN
8			T	TRBV1-1*01		TRBJ1-1*01								QWRDITIEEPHV	TRB	1	T	F		TRBV1-1	TRBJ1-1	TRBV1	TRBJ1	IMGT_CDR3	IN
9			T	TRBV1-1*01		TRBJ1-1*01								QPGDEEKMAA	TRB	1	T	F	ImplantAnnotation(signal_id='my_signal', motif_id='my_motif', motif_instance=<immuneML.simulation.implants.MotifInstance.MotifInstance object at 0x00000281D03680D0>, position=8)	TRBV1-1	TRBJ1-1	TRBV1	TRBJ1	IMGT_CDR3	IN
