sequence_id	sequence	rev_comp	productive	v_call	d_call	j_call	sequence_alignment	germline_alignment	junction	junction_aa	v_cigar	d_cigar	j_cigar	cdr3_aa	locus	duplicate_count	vj_in_frame	stop_codon	v_genes	j_genes	v_subgroups	j_subgroups	region_types	frame_types
0			T	TRBV1-1*01		TRBJ1-1*01								FMEFDIRFWY	TRB	1	T	F	TRBV1-1	TRBJ1-1	TRBV1	TRBJ1	IMGT_CDR3	IN
1			T	TRBV1-1*01		TRBJ1-1*01								PYMCQHWKAWGN	TRB	1	T	F	TRBV1-1	TRBJ1-1	TRBV1	TRBJ1	IMGT_CDR3	IN
2			T	TRBV1-1*01		TRBJ1-1*01								VEENSMPRCWAI	TRB	1	T	F	TRBV1-1	TRBJ1-1	TRBV1	TRBJ1	IMGT_CDR3	IN
3			T	TRBV1-1*01		TRBJ1-1*01								QKCWHSKWMS	TRB	1	T	F	TRBV1-1	TRBJ1-1	TRBV1	TRBJ1	IMGT_CDR3	IN
4			T	TRBV1-1*01		TRBJ1-1*01								QYDPWHDFYH	TRB	1	T	F	TRBV1-1	TRBJ1-1	TRBV1	TRBJ1	IMGT_CDR3	IN
5			T	TRBV1-1*01		TRBJ1-1*01								FCHLYESHCD	TRB	1	T	F	TRBV1-1	TRBJ1-1	TRBV1	TRBJ1	IMGT_CDR3	IN
6			T	TRBV1-1*01		TRBJ1-1*01								ALEVEKLDPL	TRB	1	T	F	TRBV1-1	TRBJ1-1	TRBV1	TRBJ1	IMGT_CDR3	IN
7			T	TRBV1-1*01		TRBJ1-1*01								YFRRCHKDHI	TRB	1	T	F	TRBV1-1	TRBJ1-1	TRBV1	TRBJ1	IMGT_CDR3	IN
8			T	TRBV1-1*01		TRBJ1-1*01								KNLIWCSMSG	TRB	1	T	F	TRBV1-1	TRBJ1-1	TRBV1	TRBJ1	IMGT_CDR3	IN
9			T	TRBV1-1*01		TRBJ1-1*01								VCQDEPPQIQQD	TRB	1	T	F	TRBV1-1	TRBJ1-1	TRBV1	TRBJ1	IMGT_CDR3	IN
10			T	TRBV1-1*01		TRBJ1-1*01								ENLSRVWTVP	TRB	1	T	F	TRBV1-1	TRBJ1-1	TRBV1	TRBJ1	IMGT_CDR3	IN
11			T	TRBV1-1*01		TRBJ1-1*01								PIRTLEYHHG	TRB	1	T	F	TRBV1-1	TRBJ1-1	TRBV1	TRBJ1	IMGT_CDR3	IN
12			T	TRBV1-1*01		TRBJ1-1*01								NRYHYITYAFHA	TRB	1	T	F	TRBV1-1	TRBJ1-1	TRBV1	TRBJ1	IMGT_CDR3	IN
13			T	TRBV1-1*01		TRBJ1-1*01								RDTTMCRIPY	TRB	1	T	F	TRBV1-1	TRBJ1-1	TRBV1	TRBJ1	IMGT_CDR3	IN
14			T	TRBV1-1*01		TRBJ1-1*01								SELLPCQHVYMW	TRB	1	T	F	TRBV1-1	TRBJ1-1	TRBV1	TRBJ1	IMGT_CDR3	IN
15			T	TRBV1-1*01		TRBJ1-1*01								KMHIMRVWQRIV	TRB	1	T	F	TRBV1-1	TRBJ1-1	TRBV1	TRBJ1	IMGT_CDR3	IN
16			T	TRBV1-1*01		TRBJ1-1*01								NLVMFERMKISR	TRB	1	T	F	TRBV1-1	TRBJ1-1	TRBV1	TRBJ1	IMGT_CDR3	IN
17			T	TRBV1-1*01		TRBJ1-1*01								AIHPGSYQSRDA	TRB	1	T	F	TRBV1-1	TRBJ1-1	TRBV1	TRBJ1	IMGT_CDR3	IN
18			T	TRBV1-1*01		TRBJ1-1*01								WNNKKQWGRY	TRB	1	T	F	TRBV1-1	TRBJ1-1	TRBV1	TRBJ1	IMGT_CDR3	IN
19			T	TRBV1-1*01		TRBJ1-1*01								IQSTYLIRAGEA	TRB	1	T	F	TRBV1-1	TRBJ1-1	TRBV1	TRBJ1	IMGT_CDR3	IN
