sequence_id	sequence	rev_comp	productive	v_call	d_call	j_call	sequence_alignment	germline_alignment	junction	junction_aa	v_cigar	d_cigar	j_cigar	cdr3_aa	locus	duplicate_count	vj_in_frame	stop_codon	my_signal	v_genes	j_genes	v_subgroups	j_subgroups	region_types	frame_types
0			T	TRBV1-1*01		TRBJ1-1*01								FTWYDRHMYTLK	TRB	1	T	F		TRBV1-1	TRBJ1-1	TRBV1	TRBJ1	IMGT_CDR3	IN
1			T	TRBV1-1*01		TRBJ1-1*01								KWYFCFPMRD	TRB	1	T	F		TRBV1-1	TRBJ1-1	TRBV1	TRBJ1	IMGT_CDR3	IN
2			T	TRBV1-1*01		TRBJ1-1*01								MAILHFPITPII	TRB	1	T	F		TRBV1-1	TRBJ1-1	TRBV1	TRBJ1	IMGT_CDR3	IN
3			T	TRBV1-1*01		TRBJ1-1*01								SSFALGLHNP	TRB	1	T	F		TRBV1-1	TRBJ1-1	TRBV1	TRBJ1	IMGT_CDR3	IN
4			T	TRBV1-1*01		TRBJ1-1*01								SDSAYTGPGR	TRB	1	T	F		TRBV1-1	TRBJ1-1	TRBV1	TRBJ1	IMGT_CDR3	IN
5			T	TRBV1-1*01		TRBJ1-1*01								CEILHHNSICDQ	TRB	1	T	F		TRBV1-1	TRBJ1-1	TRBV1	TRBJ1	IMGT_CDR3	IN
6			T	TRBV1-1*01		TRBJ1-1*01								WPWEAMDSQQ	TRB	1	T	F		TRBV1-1	TRBJ1-1	TRBV1	TRBJ1	IMGT_CDR3	IN
7			T	TRBV1-1*01		TRBJ1-1*01								FIYNCTEVSHES	TRB	1	T	F		TRBV1-1	TRBJ1-1	TRBV1	TRBJ1	IMGT_CDR3	IN
8			T	TRBV1-1*01		TRBJ1-1*01								ICLVELRCSP	TRB	1	T	F		TRBV1-1	TRBJ1-1	TRBV1	TRBJ1	IMGT_CDR3	IN
9			T	TRBV1-1*01		TRBJ1-1*01								FMSHDNEPMRMC	TRB	1	T	F		TRBV1-1	TRBJ1-1	TRBV1	TRBJ1	IMGT_CDR3	IN
10			T	TRBV1-1*01		TRBJ1-1*01								CMPWEVENPLFL	TRB	1	T	F		TRBV1-1	TRBJ1-1	TRBV1	TRBJ1	IMGT_CDR3	IN
11			T	TRBV1-1*01		TRBJ1-1*01								PHWNAIFWVH	TRB	1	T	F		TRBV1-1	TRBJ1-1	TRBV1	TRBJ1	IMGT_CDR3	IN
12			T	TRBV1-1*01		TRBJ1-1*01								EYYCAQGVVE	TRB	1	T	F		TRBV1-1	TRBJ1-1	TRBV1	TRBJ1	IMGT_CDR3	IN
13			T	TRBV1-1*01		TRBJ1-1*01								MHYNMHCKKN	TRB	1	T	F		TRBV1-1	TRBJ1-1	TRBV1	TRBJ1	IMGT_CDR3	IN
14			T	TRBV1-1*01		TRBJ1-1*01								CRMVFMRMTE	TRB	1	T	F		TRBV1-1	TRBJ1-1	TRBV1	TRBJ1	IMGT_CDR3	IN
15			T	TRBV1-1*01		TRBJ1-1*01								IEDKMHMMHA	TRB	1	T	F		TRBV1-1	TRBJ1-1	TRBV1	TRBJ1	IMGT_CDR3	IN
16			T	TRBV1-1*01		TRBJ1-1*01								RWWSTVCVRV	TRB	1	T	F		TRBV1-1	TRBJ1-1	TRBV1	TRBJ1	IMGT_CDR3	IN
17			T	TRBV1-1*01		TRBJ1-1*01								IWWVSMFDHV	TRB	1	T	F		TRBV1-1	TRBJ1-1	TRBV1	TRBJ1	IMGT_CDR3	IN
18			T	TRBV1-1*01		TRBJ1-1*01								NLAAGDQSTP	TRB	1	T	F	ImplantAnnotation(signal_id='my_signal', motif_id='my_motif', motif_instance=<immuneML.simulation.implants.MotifInstance.MotifInstance object at 0x00000281D03682B0>, position=2)	TRBV1-1	TRBJ1-1	TRBV1	TRBJ1	IMGT_CDR3	IN
19			T	TRBV1-1*01		TRBJ1-1*01								AAPRPGISNR	TRB	1	T	F	ImplantAnnotation(signal_id='my_signal', motif_id='my_motif', motif_instance=<immuneML.simulation.implants.MotifInstance.MotifInstance object at 0x00000281D02FDFA0>, position=0)	TRBV1-1	TRBJ1-1	TRBV1	TRBJ1	IMGT_CDR3	IN
