sequence_id	sequence	rev_comp	productive	v_call	d_call	j_call	sequence_alignment	germline_alignment	junction	junction_aa	v_cigar	d_cigar	j_cigar	cdr3_aa	locus	duplicate_count	vj_in_frame	stop_codon	my_signal	v_genes	j_genes	v_subgroups	j_subgroups	region_types	frame_types
0			T	TRBV1-1*01		TRBJ1-1*01								TVVDDPYLQM	TRB	1	T	F		TRBV1-1	TRBJ1-1	TRBV1	TRBJ1	IMGT_CDR3	IN
1			T	TRBV1-1*01		TRBJ1-1*01								PWGSWSKDCACI	TRB	1	T	F		TRBV1-1	TRBJ1-1	TRBV1	TRBJ1	IMGT_CDR3	IN
2			T	TRBV1-1*01		TRBJ1-1*01								DGCTFAMHYL	TRB	1	T	F		TRBV1-1	TRBJ1-1	TRBV1	TRBJ1	IMGT_CDR3	IN
3			T	TRBV1-1*01		TRBJ1-1*01								FWIVWTFNYD	TRB	1	T	F		TRBV1-1	TRBJ1-1	TRBV1	TRBJ1	IMGT_CDR3	IN
4			T	TRBV1-1*01		TRBJ1-1*01								ETNRVKNGATNI	TRB	1	T	F		TRBV1-1	TRBJ1-1	TRBV1	TRBJ1	IMGT_CDR3	IN
5			T	TRBV1-1*01		TRBJ1-1*01								FMLISWINAWAE	TRB	1	T	F		TRBV1-1	TRBJ1-1	TRBV1	TRBJ1	IMGT_CDR3	IN
6			T	TRBV1-1*01		TRBJ1-1*01								VTMFCCKARGAC	TRB	1	T	F		TRBV1-1	TRBJ1-1	TRBV1	TRBJ1	IMGT_CDR3	IN
7			T	TRBV1-1*01		TRBJ1-1*01								RFHPQVNIDH	TRB	1	T	F		TRBV1-1	TRBJ1-1	TRBV1	TRBJ1	IMGT_CDR3	IN
8			T	TRBV1-1*01		TRBJ1-1*01								WVDPHDMHWDAF	TRB	1	T	F		TRBV1-1	TRBJ1-1	TRBV1	TRBJ1	IMGT_CDR3	IN
9			T	TRBV1-1*01		TRBJ1-1*01								GDGAAQDMMC	TRB	1	T	F	ImplantAnnotation(signal_id='my_signal', motif_id='my_motif', motif_instance=<immuneML.simulation.implants.MotifInstance.MotifInstance object at 0x00000280F35FBA90>, position=3)	TRBV1-1	TRBJ1-1	TRBV1	TRBJ1	IMGT_CDR3	IN
