sequence_id	sequence	rev_comp	productive	v_call	d_call	j_call	sequence_alignment	germline_alignment	junction	junction_aa	v_cigar	d_cigar	j_cigar	cdr3_aa	locus	duplicate_count	vj_in_frame	stop_codon	my_signal	v_genes	j_genes	v_subgroups	j_subgroups	region_types	frame_types
0			T	TRBV1-1*01		TRBJ1-1*01								IQDEFHKNAG	TRB	1	T	F		TRBV1-1	TRBJ1-1	TRBV1	TRBJ1	IMGT_CDR3	IN
1			T	TRBV1-1*01		TRBJ1-1*01								PNILMWLHHH	TRB	1	T	F		TRBV1-1	TRBJ1-1	TRBV1	TRBJ1	IMGT_CDR3	IN
2			T	TRBV1-1*01		TRBJ1-1*01								FDNYWHNRSDSM	TRB	1	T	F		TRBV1-1	TRBJ1-1	TRBV1	TRBJ1	IMGT_CDR3	IN
3			T	TRBV1-1*01		TRBJ1-1*01								VQWNLKRLGWKL	TRB	1	T	F		TRBV1-1	TRBJ1-1	TRBV1	TRBJ1	IMGT_CDR3	IN
4			T	TRBV1-1*01		TRBJ1-1*01								MEPIGRGHCW	TRB	1	T	F		TRBV1-1	TRBJ1-1	TRBV1	TRBJ1	IMGT_CDR3	IN
5			T	TRBV1-1*01		TRBJ1-1*01								SHDDKWQDYMNK	TRB	1	T	F		TRBV1-1	TRBJ1-1	TRBV1	TRBJ1	IMGT_CDR3	IN
6			T	TRBV1-1*01		TRBJ1-1*01								WFKEYLQAVD	TRB	1	T	F		TRBV1-1	TRBJ1-1	TRBV1	TRBJ1	IMGT_CDR3	IN
7			T	TRBV1-1*01		TRBJ1-1*01								AYIGGGNMKG	TRB	1	T	F		TRBV1-1	TRBJ1-1	TRBV1	TRBJ1	IMGT_CDR3	IN
8			T	TRBV1-1*01		TRBJ1-1*01								NALGVRNTSMTP	TRB	1	T	F		TRBV1-1	TRBJ1-1	TRBV1	TRBJ1	IMGT_CDR3	IN
9			T	TRBV1-1*01		TRBJ1-1*01								IQAAILWHSL	TRB	1	T	F	ImplantAnnotation(signal_id='my_signal', motif_id='my_motif', motif_instance=<immuneML.simulation.implants.MotifInstance.MotifInstance object at 0x00000280F331CA00>, position=2)	TRBV1-1	TRBJ1-1	TRBV1	TRBJ1	IMGT_CDR3	IN
